RegionID,Year,Home_value
42415,2021,334409
42415,2020,332905
42415,2020,331546
42415,2020,334579
42415,2020,336513
42415,2020,338625
42415,2020,341895
42415,2020,335157
42415,2020,337862
42415,2020,334612
42415,2020,334329
42415,2020,334254
42415,2020,334105
42415,2019,333884
42415,2019,333381
42415,2019,332777
42415,2019,331703
42415,2019,330608
42415,2019,329826
42415,2019,329058
42415,2019,328326
42415,2019,327386
42415,2019,326571
42415,2019,325413
42415,2019,324264
42415,2018,323367
42415,2018,322867
42415,2018,322669
42415,2018,322795
42415,2018,322918
42415,2018,322896
42415,2018,322744
42415,2018,322283
42415,2018,321327
42415,2018,319980
42415,2018,318638
42415,2018,317404
42415,2017,315895
42415,2017,314430
42415,2017,312572
42415,2017,311189
42415,2017,309722
42415,2017,308499
42415,2017,307127
42415,2017,306038
42415,2017,305300
42415,2017,304443
42415,2017,303692
42415,2017,302837
42415,2016,301952
42415,2016,300732
42415,2016,299757
42415,2016,298583
42415,2016,297467
42415,2016,296147
42415,2016,295222
42415,2016,294327
42415,2016,293358
42415,2016,292365
42415,2016,291146
42415,2016,290261
42415,2015,289497
42415,2015,289168
42415,2015,288624
42415,2015,288008
42415,2015,287471
42415,2015,286617
42415,2015,285443
42415,2015,284154
42415,2015,283312
42415,2015,282904
42415,2015,282095
42415,2015,281095
42415,2014,279882
42415,2014,279083
42415,2014,278211
42415,2014,277474
42415,2014,276601
42415,2014,276025
42415,2014,275313
42415,2014,274300
42415,2014,272670
42415,2014,271151
42415,2014,269988
42415,2014,269246
42415,2013,268702
42415,2013,268718
42415,2013,268766
42415,2013,269136
42415,2013,268754
42415,2013,267871
42415,2013,266696
42415,2013,266065
42415,2013,266381
42415,2013,266431
42415,2013,267349
42415,2013,267488
42415,2012,267810
42415,2012,265540
42415,2012,263798
42415,2012,261292
42415,2012,260504
42415,2012,261240
42415,2012,262621
42415,2012,263732
42415,2012,263223
42415,2012,262789
42415,2012,262151
42415,2012,261813
42415,2011,261148
42415,2011,261146
42415,2011,260798
42415,2011,260927
42415,2011,260882
42415,2011,260543
42415,2011,259946
42415,2011,259014
42415,2011,258421
42415,2011,258304
42415,2011,257267
42415,2011,256231
42415,2010,254927
42415,2010,255580
42415,2010,256049
42415,2010,256533
42415,2010,255753
42415,2010,253939
42415,2010,252385
42415,2010,251680
42415,2010,251927
42415,2010,251255
42415,2010,251576
42415,2010,252525
42415,2009,254302
42415,2009,254099
42415,2009,253911
42415,2009,253625
42415,2009,254486
42415,2009,255500
42415,2009,256223
42415,2009,255961
42415,2009,256032
42415,2009,256607
42415,2009,256981
42415,2009,256239
42415,2008,254786
42415,2008,253951
42415,2008,253703
42415,2008,253746
42415,2008,253521
42415,2008,253239
42415,2008,253016
42415,2008,253195
42415,2008,252794
42415,2008,252346
42415,2008,251930
42415,2008,251936
42415,2007,252712
42415,2007,253368
42415,2007,253949
42415,2007,253482
42415,2007,252654
42415,2007,251334
42415,2007,250219
42415,2007,249276
42415,2007,248283
42415,2007,247340
42415,2007,245096
42415,2007,243539
42415,2006,242190
42415,2006,241837
42415,2006,240797
42415,2006,239452
42415,2006,238123
42415,2006,236931
42415,2006,235343
42415,2006,233342
42415,2006,231287
42415,2006,228912
42415,2006,227194
42415,2006,224758
42415,2005,221735
42415,2005,219688
42415,2005,217340
41715,2021,506662
41715,2020,502503
41715,2020,498478
41715,2020,495366
41715,2020,493170
41715,2020,486805
41715,2020,484129
41715,2020,490071
41715,2020,490502
41715,2020,488950
41715,2020,487570
41715,2020,486553
41715,2020,486381
41715,2019,486562
41715,2019,486697
41715,2019,486755
41715,2019,486991
41715,2019,487405
41715,2019,487336
41715,2019,487492
41715,2019,487893
41715,2019,488977
41715,2019,489106
41715,2019,488490
41715,2019,487125
41715,2018,486071
41715,2018,484992
41715,2018,484036
41715,2018,482879
41715,2018,481859
41715,2018,481238
41715,2018,480706
41715,2018,479352
41715,2018,478049
41715,2018,477639
41715,2018,478052
41715,2018,477701
41715,2017,476413
41715,2017,475251
41715,2017,474514
41715,2017,473825
41715,2017,472772
41715,2017,471947
41715,2017,470943
41715,2017,470658
41715,2017,469787
41715,2017,469622
41715,2017,468998
41715,2017,468979
41715,2016,468522
41715,2016,468538
41715,2016,468354
41715,2016,468588
41715,2016,468466
41715,2016,468386
41715,2016,468509
41715,2016,468695
41715,2016,468647
41715,2016,466828
41715,2016,464705
41715,2016,464452
41715,2015,465982
41715,2015,467798
41715,2015,467634
41715,2015,466254
41715,2015,466110
41715,2015,466506
41715,2015,466886
41715,2015,466792
41715,2015,466942
41715,2015,467845
41715,2015,468213
41715,2015,465973
41715,2014,463791
41715,2014,460806
41715,2014,461183
41715,2014,462341
41715,2014,462835
41715,2014,461948
41715,2014,461499
41715,2014,461369
41715,2014,461399
41715,2014,460680
41715,2014,461079
41715,2014,462102
41715,2013,461058
41715,2013,460504
41715,2013,457774
41715,2013,456725
41715,2013,455545
41715,2013,455061
41715,2013,454336
41715,2013,452626
41715,2013,451044
41715,2013,449956
41715,2013,449053
41715,2013,449203
41715,2012,450238
41715,2012,449761
41715,2012,449362
41715,2012,446420
41715,2012,444424
41715,2012,443149
41715,2012,441985
41715,2012,442200
41715,2012,442549
41715,2012,444093
41715,2012,445151
41715,2012,444366
41715,2011,443953
41715,2011,445323
41715,2011,449047
41715,2011,453142
41715,2011,455740
41715,2011,456890
41715,2011,457921
41715,2011,458973
41715,2011,460089
41715,2011,460930
41715,2011,462011
41715,2011,463857
41715,2010,465605
41715,2010,466661
41715,2010,466298
41715,2010,466171
41715,2010,466893
41715,2010,468126
41715,2010,469470
41715,2010,470284
41715,2010,471013
41715,2010,471314
41715,2010,471956
41715,2010,473230
41715,2009,475004
41715,2009,476808
41715,2009,478969
41715,2009,480777
41715,2009,482927
41715,2009,485087
41715,2009,488249
41715,2009,491597
41715,2009,494646
41715,2009,497459
41715,2009,499802
41715,2009,501635
41715,2008,503571
41715,2008,505263
41715,2008,507275
41715,2008,510656
41715,2008,514052
41715,2008,517164
41715,2008,518255
41715,2008,520102
41715,2008,523187
41715,2008,526828
41715,2008,529153
41715,2008,531722
41715,2007,532570
41715,2007,535942
41715,2007,537791
41715,2007,539759
41715,2007,540741
41715,2007,542518
41715,2007,545357
41715,2007,546190
41715,2007,545758
41715,2007,543773
41715,2007,542516
41715,2007,540503
41715,2006,539745
41715,2006,537719
41715,2006,536227
41715,2006,533917
41715,2006,531257
41715,2006,528182
41715,2006,524125
41715,2006,520340
41715,2006,516062
41715,2006,511576
41715,2006,507337
41715,2006,502980
41715,2005,498690
41715,2005,491887
41715,2005,484980
41715,2005,478249
41715,2005,473121
41715,2005,467787
41715,2005,461317
41715,2005,454940
41715,2005,448533
41715,2005,444452
41715,2005,440514
41715,2005,437161
41715,2004,432090
41715,2004,428452
41715,2004,423747
41715,2004,418982
41715,2004,412667
41715,2004,406697
41715,2004,402386
41715,2004,398839
41715,2004,395534
41715,2004,391303
41715,2004,387345
41715,2004,383882
41715,2003,381479
41715,2003,378186
41715,2003,376013
41715,2003,373269
41715,2003,372093
41715,2003,370566
41715,2003,369022
41715,2003,366830
41715,2003,363905
41715,2003,360905
41715,2003,358356
41715,2003,356784
41715,2002,355973
41715,2002,354747
41715,2002,353297
41715,2002,351917
41715,2002,350651
41715,2002,350046
41715,2002,350393
41715,2002,351827
41715,2002,355527
41715,2002,358877
41715,2002,361206
41715,2002,361109
41715,2001,360538
41715,2001,362429
41715,2001,364239
41715,2001,366394
41715,2001,366336
41715,2001,365829
41715,2001,363663
41715,2001,360850
41715,2001,357209
41715,2001,354377
41715,2001,351758
41715,2001,349980
41715,2000,347753
41715,2000,345155
41715,2000,342683
41715,2000,340869
41715,2000,339618
41715,2000,338287
41715,2000,336442
41715,2000,334148
41715,2000,331498
41715,2000,329194
41715,2000,327286
41715,2000,325643
41715,1999,324416
41715,1999,323090
41715,1999,321936
41715,1999,320366
41715,1999,319338
41715,1999,318457
41715,1999,319821
41715,1999,322140
41715,1999,324383
41715,1999,324764
41715,1999,325176
41715,1999,325630
41715,1998,326225
41715,1998,325739
41715,1998,325455
41715,1998,325087
41715,1998,325274
41715,1998,325605
41715,1998,325467
41715,1998,324890
41715,1998,324459
41715,1998,324543
41715,1998,324283
41715,1998,323710
41715,1997,323000
41715,1997,322450
41715,1997,321756
41715,1997,321175
41715,1997,320321
41715,1997,319219
41715,1997,317513
41715,1997,316027
41715,1997,314954
41715,1997,314293
41715,1997,313664
41715,1997,313025
41715,1996,312488
41715,1996,312382
41715,1996,312283
41715,1996,312226
41715,1996,312049
41715,1996,312025
41715,1996,312329
41715,1996,312590
41715,1996,312587
41715,1996,312477
41715,1996,312356
41715,1996,312514
126011,2021,604581
126011,2020,597342
126011,2020,590267
126011,2020,578856
126011,2020,574910
126011,2020,579825
126011,2020,575839
126011,2020,567759
126011,2020,563977
126011,2020,563139
126011,2020,562630
126011,2020,561943
126011,2020,561122
126011,2019,559296
126011,2019,558004
126011,2019,557555
126011,2019,558139
126011,2019,557819
126011,2019,558061
126011,2019,559017
126011,2019,559674
126011,2019,559596
126011,2019,558345
126011,2019,557485
126011,2019,555964
126011,2018,557416
126011,2018,558733
126011,2018,559298
126011,2018,558018
126011,2018,557472
126011,2018,557048
126011,2018,555179
126011,2018,552823
126011,2018,549958
126011,2018,549506
126011,2018,549218
126011,2018,550527
126011,2017,549112
126011,2017,546489
126011,2017,541970
126011,2017,538148
126011,2017,535613
126011,2017,533510
126011,2017,531327
126011,2017,529740
126011,2017,528430
126011,2017,526391
126011,2017,523769
126011,2017,521194
126011,2016,518527
126011,2016,516949
126011,2016,518439
126011,2016,519884
126011,2016,519352
126011,2016,516080
126011,2016,513540
126011,2016,511539
126011,2016,511417
126011,2016,509561
126011,2016,507446
126011,2016,502110
126011,2015,499453
126011,2015,494310
126011,2015,488635
126011,2015,482795
126011,2015,479141
126011,2015,477659
126011,2015,475394
126011,2015,471268
126011,2015,464531
126011,2015,461449
126011,2015,460369
126011,2015,462216
126011,2014,458822
126011,2014,458725
126011,2014,457015
126011,2014,458421
126011,2014,457030
126011,2014,456573
126011,2014,456622
126011,2014,457462
126011,2014,458933
126011,2014,456311
126011,2014,452330
126011,2014,447807
126011,2013,447411
126011,2013,444043
126011,2013,441697
126011,2013,434696
126011,2013,430227
126011,2013,424439
126011,2013,419678
126011,2013,415745
126011,2013,412046
126011,2013,410856
126011,2013,408603
126011,2013,406889
126011,2012,404603
126011,2012,404305
126011,2012,402857
126011,2012,403438
126011,2012,403165
126011,2012,403387
126011,2012,401725
126011,2012,399404
126011,2012,397771
126011,2012,395524
126011,2012,394657
126011,2012,393801
126011,2011,392002
126011,2011,389420
126011,2011,388128
126011,2011,387573
126011,2011,388016
126011,2011,388237
126011,2011,389783
126011,2011,392528
126011,2011,394453
126011,2011,396910
126011,2011,398237
126011,2011,400200
126011,2010,404200
126011,2010,408779
126011,2010,411710
126011,2010,412733
126011,2010,413670
126011,2010,415499
126011,2010,418509
126011,2010,420139
126011,2010,422280
126011,2010,423810
126011,2010,427303
126011,2010,429210
126011,2009,429879
126011,2009,430880
126011,2009,435954
126011,2009,442825
126011,2009,448674
126011,2009,454186
126011,2009,457121
126011,2009,460850
126011,2009,464591
126011,2009,471015
126011,2009,476991
126011,2009,483972
126011,2008,491993
126011,2008,500174
126011,2008,506009
126011,2008,511175
126011,2008,516791
126011,2008,521163
126011,2008,528783
126011,2008,538005
126011,2008,550173
126011,2008,558774
126011,2008,569001
126011,2008,576850
126011,2007,583867
126011,2007,590355
126011,2007,599538
126011,2007,611284
126011,2007,622393
126011,2007,634193
126011,2007,643701
126011,2007,651953
126011,2007,657546
126011,2007,662505
126011,2007,664313
126011,2007,668802
126011,2006,674653
126011,2006,682179
126011,2006,684935
126011,2006,685271
126011,2006,683740
126011,2006,681999
126011,2006,679238
126011,2006,675649
126011,2006,670466
126011,2006,665394
126011,2006,657882
126011,2006,650131
126011,2005,639808
126011,2005,627048
126011,2005,613656
126011,2005,599122
126011,2005,586853
126011,2005,574090
126011,2005,562580
126011,2005,549907
126011,2005,538091
126011,2005,527177
126011,2005,520193
126011,2005,512565
126011,2004,506141
126011,2004,500106
126011,2004,495725
126011,2004,490997
126011,2004,485719
126011,2004,480933
126011,2004,475377
126011,2004,470172
126011,2004,464830
126011,2004,460059
126011,2004,454920
126011,2004,449992
126011,2003,444442
126011,2003,437320
126011,2003,429608
126011,2003,423174
126011,2003,417730
126011,2003,412955
126011,2003,408163
126011,2003,404908
126011,2003,401705
126011,2003,399219
126011,2003,395021
126011,2003,390905
126011,2002,386325
126011,2002,383556
126011,2002,381012
126011,2002,378190
126011,2002,374967
126011,2002,372559
126011,2002,369834
126011,2002,366305
126011,2002,362067
126011,2002,357442
126011,2002,354313
126011,2002,351324
126011,2001,349902
126011,2001,348192
126011,2001,346221
126011,2001,343664
126011,2001,341442
126011,2001,337770
126011,2001,336130
126011,2001,333520
126011,2001,332436
126011,2001,329470
126011,2001,325796
126011,2001,322764
126011,2000,318900
126011,2000,315488
126011,2000,311563
126011,2000,308468
126011,2000,305165
126011,2000,302444
126011,2000,298503
126011,2000,296006
126011,2000,292129
126011,2000,290233
126011,2000,288445
126011,2000,285742
126011,1999,282892
126011,1999,279614
126011,1999,278251
126011,1999,276999
126011,1999,275595
126011,1999,273497
126011,1999,271762
126011,1999,269901
126011,1999,269317
126011,1999,267148
126011,1999,264758
126011,1999,262380
126011,1998,261334
126011,1998,260813
126011,1998,259707
126011,1998,258215
126011,1998,256060
126011,1998,254849
126011,1998,253687
126011,1998,252740
126011,1998,251642
126011,1998,251352
126011,1998,251259
126011,1998,250808
126011,1997,248814
126011,1997,247942
126011,1997,245717
126011,1997,244796
126011,1997,243483
126011,1997,244022
126011,1997,243705
126011,1997,242434
126011,1997,239012
126011,1997,236210
126011,1997,234063
126011,1997,233123
126011,1996,232241
126011,1996,230534
126011,1996,229888
126011,1996,228624
126011,1996,228091
126011,1996,226137
126011,1996,224910
126011,1996,224445
126011,1996,225593
126011,1996,226371
126011,1996,226868
126011,1996,226372
40760,2021,776019
40760,2020,767038
40760,2020,758693
40760,2020,754012
40760,2020,747952
40760,2020,741570
40760,2020,741357
40760,2020,729567
40760,2020,727409
40760,2020,731087
40760,2020,730558
40760,2020,729449
40760,2020,729129
40760,2019,728965
40760,2019,726860
40760,2019,723855
40760,2019,718628
40760,2019,714242
40760,2019,709456
40760,2019,703706
40760,2019,695390
40760,2019,687621
40760,2019,683814
40760,2019,678331
40760,2019,671180
40760,2018,663424
40760,2018,657348
40760,2018,651901
40760,2018,648353
40760,2018,645089
40760,2018,643231
40760,2018,643496
40760,2018,643854
40760,2018,644078
40760,2018,640480
40760,2018,640437
40760,2018,640404
40760,2017,640097
40760,2017,640550
40760,2017,642188
40760,2017,644889
40760,2017,645416
40760,2017,645068
40760,2017,643851
40760,2017,643294
40760,2017,642818
40760,2017,641355
40760,2017,638114
40760,2017,635919
40760,2016,634409
40760,2016,632913
40760,2016,629043
40760,2016,625249
40760,2016,621077
40760,2016,617421
40760,2016,613063
40760,2016,610945
40760,2016,609650
40760,2016,610277
40760,2016,610907
40760,2016,609817
40760,2015,608845
40760,2015,606751
40760,2015,607179
40760,2015,605473
40760,2015,603432
40760,2015,600377
40760,2015,598269
40760,2015,594967
40760,2015,591794
40760,2015,587955
40760,2015,584774
40760,2015,582146
40760,2014,579522
40760,2014,578020
40760,2014,575865
40760,2014,576658
40760,2014,579348
40760,2014,582094
40760,2014,584216
40760,2014,585115
40760,2014,585899
40760,2014,586607
40760,2014,586157
40760,2014,585478
40760,2013,583376
40760,2013,580782
40760,2013,577225
40760,2013,572340
40760,2013,567382
40760,2013,564046
40760,2013,560898
40760,2013,558482
40760,2013,554732
40760,2013,551270
40760,2013,549330
40760,2013,549061
40760,2012,550926
40760,2012,552016
40760,2012,553686
40760,2012,554745
40760,2012,556157
40760,2012,555754
40760,2012,555809
40760,2012,555626
40760,2012,556961
40760,2012,559686
40760,2012,561408
40760,2012,561466
40760,2011,559704
40760,2011,559429
40760,2011,559824
40760,2011,561266
40760,2011,561869
40760,2011,564504
40760,2011,567903
40760,2011,572245
40760,2011,575762
40760,2011,577231
40760,2011,580260
40760,2011,584331
40760,2010,590873
40760,2010,596728
40760,2010,602907
40760,2010,607820
40760,2010,611541
40760,2010,614064
40760,2010,615568
40760,2010,618708
40760,2010,621174
40760,2010,624940
40760,2010,626830
40760,2010,630107
40760,2009,631945
40760,2009,633355
40760,2009,634981
40760,2009,638133
40760,2009,643042
40760,2009,646156
40760,2009,647639
40760,2009,647213
40760,2009,648236
40760,2009,653071
40760,2009,659033
40760,2009,664154
40760,2008,667874
40760,2008,673304
40760,2008,676541
40760,2008,678371
40760,2008,679868
40760,2008,684552
40760,2008,691320
40760,2008,697009
40760,2008,702537
40760,2008,701544
40760,2008,699959
40760,2008,697466
40760,2007,697088
40760,2007,695654
40760,2007,695337
40760,2007,695081
40760,2007,694163
40760,2007,691544
40760,2007,690074
40760,2007,688605
40760,2007,687082
40760,2007,687149
40760,2007,687369
40760,2007,685611
40760,2006,681938
40760,2006,677237
40760,2006,672357
40760,2006,669309
40760,2006,666544
40760,2006,663597
40760,2006,657952
40760,2006,652890
40760,2006,647192
40760,2006,640358
40760,2006,632908
40760,2006,626259
40760,2005,620917
40760,2005,616492
40760,2005,612911
40760,2005,608167
40760,2005,602879
40760,2005,597711
40760,2005,596409
40760,2005,594771
40760,2005,590773
40760,2005,583813
40760,2005,577421
40760,2005,574483
40760,2004,572012
40760,2004,569388
40760,2004,565838
40760,2004,561701
40760,2004,557955
40760,2004,554245
40760,2004,545956
40760,2004,538351
40760,2004,534506
40760,2004,537816
40760,2004,540746
40760,2004,539614
40760,2003,536988
40760,2003,533897
40760,2003,530527
40760,2003,526774
40760,2003,523417
40760,2003,520913
40760,2003,520298
40760,2003,519401
40760,2003,517179
40760,2003,512818
40760,2003,508346
40760,2003,505023
40760,2002,501783
40760,2002,499065
40760,2002,496539
40760,2002,494964
40760,2002,492990
40760,2002,490546
40760,2002,488508
40760,2002,486614
40760,2002,484850
40760,2002,481596
40760,2002,479167
40760,2002,477093
40760,2001,476335
40760,2001,475034
40760,2001,474195
40760,2001,472595
40760,2001,470949
40760,2001,469098
40760,2001,467604
40760,2001,465941
40760,2001,464269
40760,2001,462756
40760,2001,460557
40760,2001,458604
40760,2000,455539
40760,2000,453417
40760,2000,451004
40760,2000,450011
40760,2000,448891
40760,2000,447601
40760,2000,445910
40760,2000,444721
40760,2000,443322
40760,2000,442029
40760,2000,440941
40760,2000,440767
40760,1999,440142
40760,1999,439067
40760,1999,437515
40760,1999,435708
40760,1999,433847
40760,1999,433436
40760,1999,433421
40760,1999,433490
40760,1999,432563
40760,1999,431741
40760,1999,430792
40760,1999,428780
40760,1998,427155
40760,1998,425336
40760,1998,423717
40760,1998,421574
40760,1998,419328
40760,1998,415944
40760,1998,414164
40760,1998,411213
394998,2021,642044
394998,2020,636884
394998,2020,631499
394998,2020,622857
394998,2020,618715
394998,2020,606818
394998,2020,599808
394998,2020,599891
394998,2020,596325
394998,2020,593212
394998,2020,590795
394998,2020,590162
394998,2020,588755
394998,2019,587585
394998,2019,586514
394998,2019,585078
394998,2019,583064
394998,2019,581708
394998,2019,581180
394998,2019,581140
394998,2019,580581
394998,2019,580324
394998,2019,580241
394998,2019,581181
394998,2019,580675
394998,2018,579293
394998,2018,578090
394998,2018,577462
394998,2018,577346
394998,2018,576774
394998,2018,575260
394998,2018,572968
394998,2018,571199
394998,2018,569646
394998,2018,567161
394998,2018,563682
394998,2018,560878
394998,2017,559022
394998,2017,556846
394998,2017,554402
394998,2017,552505
394998,2017,550382
394998,2017,548510
394998,2017,547367
394998,2017,545728
394998,2017,543464
394998,2017,540290
394998,2017,537486
394998,2017,533333
394998,2016,529790
394998,2016,526373
394998,2016,523590
394998,2016,520643
394998,2016,516640
394998,2016,512943
394998,2016,507723
394998,2016,502727
394998,2016,497007
394998,2016,492063
394998,2016,488015
394998,2016,484848
394998,2015,480570
394998,2015,475924
394998,2015,471122
394998,2015,465830
394998,2015,461127
394998,2015,456212
394998,2015,452088
394998,2015,448393
394998,2015,445257
394998,2015,442856
394998,2015,439283
394998,2015,435932
394998,2014,433251
394998,2014,430746
394998,2014,428028
394998,2014,425352
394998,2014,423301
394998,2014,420803
394998,2014,418687
394998,2014,416104
394998,2014,414680
394998,2014,412748
394998,2014,411574
394998,2014,409926
394998,2013,406854
394998,2013,403760
394998,2013,400089
394998,2013,397572
394998,2013,394020
394998,2013,391376
394998,2013,387969
394998,2013,384560
394998,2013,380709
394998,2013,376299
394998,2013,371678
394998,2013,366074
394998,2012,362091
394998,2012,358617
394998,2012,356253
394998,2012,352973
394998,2012,350462
394998,2012,348180
394998,2012,346574
394998,2012,344941
394998,2012,342088
394998,2012,340059
394998,2012,338470
394998,2012,339252
394998,2011,340637
394998,2011,342315
394998,2011,343826
394998,2011,345166
394998,2011,346213
394998,2011,346581
394998,2011,346866
394998,2011,348048
394998,2011,351556
394998,2011,355863
394998,2011,360323
394998,2011,363376
394998,2010,365780
394998,2010,368047
394998,2010,370562
394998,2010,373997
394998,2010,377706
394998,2010,381160
394998,2010,384429
394998,2010,387012
394998,2010,388051
394998,2010,387766
394998,2010,388025
394998,2010,389215
394998,2009,390570
394998,2009,391191
394998,2009,392150
394998,2009,392852
394998,2009,394220
394998,2009,396846
394998,2009,400617
394998,2009,404577
394998,2009,408914
394998,2009,414622
394998,2009,419319
394998,2009,424091
394998,2008,427888
394998,2008,433105
394998,2008,437531
394998,2008,442468
394998,2008,446772
394998,2008,450864
394998,2008,454325
394998,2008,458708
394998,2008,463637
394998,2008,466720
394998,2008,469417
394998,2008,471272
394998,2007,474616
394998,2007,476857
394998,2007,478229
394998,2007,479000
394998,2007,478324
394998,2007,478853
394998,2007,478543
394998,2007,478759
394998,2007,476795
394998,2007,474945
394998,2007,472591
394998,2007,470621
394998,2006,468262
394998,2006,466325
394998,2006,465053
394998,2006,463410
394998,2006,464499
394998,2006,462009
394998,2006,459006
394998,2006,451938
394998,2006,446213
394998,2006,441235
394998,2006,437568
394998,2006,432762
394998,2005,426553
394998,2005,419551
394998,2005,412774
394998,2005,405728
394998,2005,396739
394998,2005,388996
394998,2005,382054
394998,2005,376615
394998,2005,371524
394998,2005,366476
394998,2005,361818
394998,2005,357949
394998,2004,354833
394998,2004,351629
394998,2004,348452
394998,2004,345306
394998,2004,342590
394998,2004,339971
394998,2004,337369
394998,2004,335267
394998,2004,333200
394998,2004,331172
394998,2004,328954
394998,2004,326740
394998,2003,324658
394998,2003,322717
394998,2003,320638
394998,2003,318809
394998,2003,317112
394998,2003,315649
394998,2003,314303
394998,2003,313128
394998,2003,311829
394998,2003,310483
394998,2003,308978
394998,2003,307549
394998,2002,306069
394998,2002,304811
394998,2002,303617
394998,2002,302766
394998,2002,301969
394998,2002,301132
394998,2002,299998
394998,2002,298892
394998,2002,297807
394998,2002,296846
394998,2002,295708
394998,2002,294560
394998,2001,293401
394998,2001,292246
394998,2001,291226
394998,2001,290032
394998,2001,288910
394998,2001,287859
394998,2001,286982
394998,2001,286086
394998,2001,285320
394998,2001,284791
394998,2001,284296
394998,2001,283528
394998,2000,282614
394998,2000,281810
394998,2000,281394
394998,2000,280998
394998,2000,280640
394998,2000,280028
394998,2000,279497
394998,2000,278909
394998,2000,278227
394998,2000,277056
394998,2000,276043
394998,2000,275340
394998,1999,274921
394998,1999,274536
394998,1999,273476
394998,1999,272487
394998,1999,271348
394998,1999,270758
394998,1999,270249
394998,1999,269715
394998,1999,269043
394998,1999,268329
394998,1999,268017
394998,1999,267872
394998,1998,267897
394998,1998,267376
394998,1998,266953
394998,1998,266247
394998,1998,265582
394998,1998,264528
394998,1998,263680
394998,1998,263079
394998,1998,262824
394998,1998,262601
394998,1998,261727
394998,1998,260769
394998,1997,259744
394998,1997,259353
394998,1997,258691
394998,1997,257968
394998,1997,257104
394998,1997,256425
394998,1997,255407
394998,1997,253977
394998,1997,252047
394998,1997,250160
394998,1997,248528
394998,1997,246892
394998,1996,245068
394998,1996,242958
394998,1996,241049
394998,1996,239238
394998,1996,237475
394998,1996,235602
394998,1996,233800
394998,1996,232122
394998,1996,230610
394998,1996,229022
394998,1996,228245
394998,1996,227328
29878,2021,200231
29878,2020,198276
29878,2020,196729
29878,2020,194655
29878,2020,197474
29878,2020,184962
29878,2020,191846
29878,2020,184327
29878,2020,181867
29878,2020,182189
29878,2020,181053
29878,2020,179928
29878,2020,178583
29878,2019,177174
29878,2019,175507
29878,2019,174360
29878,2019,173692
29878,2019,173264
29878,2019,172610
29878,2019,171494
29878,2019,170264
29878,2019,169503
29878,2019,169548
29878,2019,169349
29878,2019,169873
29878,2018,170016
29878,2018,170584
29878,2018,169782
29878,2018,168054
29878,2018,166034
29878,2018,164187
29878,2018,162306
29878,2018,160980
29878,2018,159813
29878,2018,158928
29878,2018,158046
29878,2018,156097
29878,2017,154566
29878,2017,152667
29878,2017,151973
29878,2017,151351
29878,2017,150700
29878,2017,149576
29878,2017,148548
29878,2017,147382
29878,2017,146354
29878,2017,145099
29878,2017,144351
29878,2017,144269
29878,2016,144483
29878,2016,144807
29878,2016,144234
29878,2016,144260
29878,2016,144153
29878,2016,144883
29878,2016,145179
29878,2016,144508
29878,2016,143023
29878,2016,141457
29878,2016,140363
29878,2016,139757
29878,2015,139102
29878,2015,138268
29878,2015,137627
29878,2015,136741
29878,2015,136193
29878,2015,135422
29878,2015,134517
29878,2015,134146
29878,2015,134254
29878,2015,134784
29878,2015,135407
29878,2015,135332
29878,2014,135041
29878,2014,134542
29878,2014,134574
29878,2014,134122
29878,2014,133741
29878,2014,133656
29878,2014,134518
29878,2014,135232
29878,2014,135008
29878,2014,134329
29878,2014,133075
29878,2014,132234
29878,2013,131173
29878,2013,130778
29878,2013,130305
29878,2013,130597
29878,2013,129701
29878,2013,128945
29878,2013,127534
29878,2013,126976
29878,2013,126254
29878,2013,125666
29878,2013,124821
29878,2013,124217
29878,2012,123717
29878,2012,122281
29878,2012,121284
29878,2012,120080
29878,2012,121369
29878,2012,121383
29878,2012,121702
29878,2012,121502
29878,2012,122780
29878,2012,124080
29878,2012,124959
29878,2012,125268
29878,2011,126113
29878,2011,128534
29878,2011,129205
29878,2011,129825
29878,2011,128867
29878,2011,129925
29878,2011,131136
29878,2011,131806
29878,2011,132821
29878,2011,133314
29878,2011,135558
29878,2011,137245
29878,2010,138852
29878,2010,139970
29878,2010,143164
29878,2010,146661
29878,2010,148965
29878,2010,148995
29878,2010,148331
29878,2010,148940
29878,2010,148613
29878,2010,149464
29878,2010,148900
29878,2010,150036
29878,2009,150949
29878,2009,151722
29878,2009,151717
29878,2009,150962
29878,2009,151218
29878,2009,152499
29878,2009,154103
29878,2009,155196
29878,2009,156123
29878,2009,157089
29878,2009,157911
29878,2009,158466
29878,2008,158618
29878,2008,158290
29878,2008,157419
29878,2008,157161
29878,2008,158033
29878,2008,158550
29878,2008,158826
29878,2008,157811
29878,2008,157053
29878,2008,155908
29878,2008,155549
29878,2008,154820
29878,2007,154656
29878,2007,155203
29878,2007,156404
29878,2007,157565
29878,2007,157628
29878,2007,157278
29878,2007,156730
29878,2007,157541
29878,2007,158681
29878,2007,159063
29878,2007,158642
29878,2007,157336
29878,2006,155692
29878,2006,153458
29878,2006,151633
29878,2006,149407
29878,2006,147399
29878,2006,146304
29878,2006,146164
29878,2006,145714
29878,2006,145204
29878,2006,144036
29878,2006,142908
29878,2006,140928
29878,2005,139684
29878,2005,139245
29878,2005,138895
29878,2005,139175
29878,2005,139111
29878,2005,138659
29878,2005,137516
29878,2005,136736
29878,2005,135146
29878,2005,135907
29878,2005,137323
29878,2005,141337
29878,2004,143642
29878,2004,145529
29878,2004,146049
29878,2004,146805
29878,2004,146655
29878,2004,147000
29878,2004,146810
29878,2004,146425
29878,2004,146922
29878,2004,146156
29878,2004,144996
29878,2004,142285
29878,2003,140689
29878,2003,139535
29878,2003,139416
29878,2003,138465
29878,2003,138348
29878,2003,138027
29878,2003,139160
29878,2003,140353
29878,2003,140000
29878,2003,138557
29878,2003,137897
29878,2003,137791
29878,2002,138582
29878,2002,137530
29878,2002,136943
29878,2002,136768
29878,2002,137981
29878,2002,138875
29878,2002,139017
29878,2002,139015
29878,2002,140590
29878,2002,143139
29878,2002,145730
29878,2002,148479
29878,2001,151078
29878,2001,153227
29878,2001,154431
29878,2001,155138
29878,2001,155338
29878,2001,156016
29878,2001,156293
29878,2001,157088
29878,2001,157044
29878,2001,157713
29878,2001,156790
29878,2001,156111
29878,2000,154683
29878,2000,155655
29878,2000,155400
29878,2000,156364
29878,2000,157517
29878,2000,160130
29878,2000,163732
29878,2000,166756
29878,2000,169345
29878,2000,169737
29878,2000,170507
29878,2000,170943
29878,1999,171899
29878,1999,172637
29878,1999,175385
29878,1999,176436
29878,1999,176626
29878,1999,174005
29878,1999,170776
29878,1999,166299
29878,1999,163865
29878,1999,164760
29878,1999,167513
29878,1999,168415
29878,1998,168353
29878,1998,168433
29878,1998,169544
29878,1998,170974
29878,1998,172283
29878,1998,173719
29878,1998,176255
29878,1998,179631
29878,1998,183361
29878,1998,185026
29878,1998,185524
29878,1998,186103
29878,1997,186834
29878,1997,187173
29878,1997,187382
29878,1997,189464
29878,1997,191618
29878,1997,194283
29878,1997,194052
29878,1997,194862
29878,1997,193517
29878,1997,192896
29878,1997,191175
29878,1997,190827
29878,1996,190882
29878,1996,191084
29878,1996,190458
29878,1996,188623
29878,1996,186949
29878,1996,185390
29878,1996,185518
29878,1996,184813
29878,1996,185042
29878,1996,185053
29878,1996,185680
29878,1996,186089
394463,2021,420016
394463,2020,417587
394463,2020,414717
394463,2020,411465
394463,2020,409639
394463,2020,409286
394463,2020,409505
394463,2020,400812
394463,2020,401319
394463,2020,401131
394463,2020,400896
394463,2020,401535
394463,2020,401381
394463,2019,401274
394463,2019,401359
394463,2019,401628
394463,2019,401843
394463,2019,401973
394463,2019,402102
394463,2019,401947
394463,2019,401823
394463,2019,401440
394463,2019,400947
394463,2019,400983
394463,2019,401075
394463,2018,401513
394463,2018,401564
394463,2018,401114
394463,2018,400644
394463,2018,399932
394463,2018,399374
394463,2018,398741
394463,2018,397725
394463,2018,397123
394463,2018,396898
394463,2018,396658
394463,2018,395707
394463,2017,394124
394463,2017,392502
394463,2017,391066
394463,2017,389545
394463,2017,388500
394463,2017,387780
394463,2017,387456
394463,2017,386849
394463,2017,385555
394463,2017,384120
394463,2017,382357
394463,2017,381092
394463,2016,379382
394463,2016,378010
394463,2016,376869
394463,2016,376047
394463,2016,375155
394463,2016,373838
394463,2016,372360
394463,2016,371285
394463,2016,370812
394463,2016,369889
394463,2016,368676
394463,2016,366916
394463,2015,366057
394463,2015,365422
394463,2015,365148
394463,2015,364979
394463,2015,364584
394463,2015,364403
394463,2015,364415
394463,2015,364489
394463,2015,363081
394463,2015,361398
394463,2015,360501
394463,2015,360556
394463,2014,360032
394463,2014,359362
394463,2014,358296
394463,2014,357987
394463,2014,357177
394463,2014,356685
394463,2014,355159
394463,2014,353794
394463,2014,353310
394463,2014,353373
394463,2014,352677
394463,2014,350569
394463,2013,349366
394463,2013,347102
394463,2013,345464
394463,2013,341849
394463,2013,338714
394463,2013,335056
394463,2013,332409
394463,2013,329333
394463,2013,327559
394463,2013,325229
394463,2013,323612
394463,2013,321299
394463,2012,319452
394463,2012,318039
394463,2012,316609
394463,2012,315499
394463,2012,316233
394463,2012,317164
394463,2012,318369
394463,2012,319151
394463,2012,318872
394463,2012,319586
394463,2012,319972
394463,2012,323303
394463,2011,324637
394463,2011,327459
394463,2011,328852
394463,2011,332516
394463,2011,333339
394463,2011,335230
394463,2011,335379
394463,2011,338720
394463,2011,340658
394463,2011,344117
394463,2011,346172
394463,2011,348541
394463,2010,351910
394463,2010,355031
394463,2010,358962
394463,2010,360688
394463,2010,364522
394463,2010,366821
394463,2010,371606
394463,2010,371611
394463,2010,374491
394463,2010,374869
394463,2010,377751
394463,2010,377950
394463,2009,378885
394463,2009,379268
394463,2009,381727
394463,2009,384361
394463,2009,387442
394463,2009,389729
394463,2009,392599
394463,2009,395993
394463,2009,400662
394463,2009,403838
394463,2009,409395
394463,2009,414521
394463,2008,421342
394463,2008,427531
394463,2008,431709
394463,2008,436859
394463,2008,439669
394463,2008,444993
394463,2008,447177
394463,2008,453069
394463,2008,454700
394463,2008,460368
394463,2008,461843
394463,2008,466548
394463,2007,468073
394463,2007,469813
394463,2007,471298
394463,2007,472593
394463,2007,474800
394463,2007,475925
394463,2007,478100
394463,2007,478924
394463,2007,481013
394463,2007,481477
394463,2007,481864
394463,2007,480634
394463,2006,479768
394463,2006,479297
394463,2006,479156
394463,2006,478693
394463,2006,478065
394463,2006,477107
394463,2006,476194
394463,2006,474804
394463,2006,472991
394463,2006,470830
394463,2006,468762
394463,2006,466289
394463,2005,463905
394463,2005,461183
394463,2005,458173
394463,2005,454819
394463,2005,451345
394463,2005,448169
394463,2005,444831
394463,2005,441506
394463,2005,438417
394463,2005,435328
394463,2005,432477
394463,2005,429604
394463,2004,426800
394463,2004,423631
394463,2004,420671
394463,2004,417978
394463,2004,415531
394463,2004,412621
394463,2004,409732
394463,2004,406590
394463,2004,403972
394463,2004,401570
394463,2004,399296
394463,2004,397070
394463,2003,394580
394463,2003,392635
394463,2003,390416
394463,2003,388250
394463,2003,386008
394463,2003,384170
394463,2003,382720
394463,2003,381042
394463,2003,379126
394463,2003,376754
394463,2003,374659
394463,2003,372251
394463,2002,370189
394463,2002,368076
394463,2002,366360
394463,2002,364396
394463,2002,362278
394463,2002,360009
394463,2002,357567
394463,2002,355684
394463,2002,353730
394463,2002,351877
394463,2002,349690
394463,2002,347814
394463,2001,346059
394463,2001,344004
394463,2001,341709
394463,2001,339363
394463,2001,337219
394463,2001,335172
394463,2001,333073
394463,2001,330735
394463,2001,328260
394463,2001,326086
394463,2001,324048
394463,2001,322014
394463,2000,319631
394463,2000,317189
394463,2000,314822
394463,2000,312492
394463,2000,310219
394463,2000,308146
394463,2000,306290
394463,2000,304363
394463,2000,302345
394463,2000,300300
394463,2000,297965
394463,2000,295677
394463,1999,293449
394463,1999,291672
394463,1999,289985
394463,1999,288574
394463,1999,287311
394463,1999,285477
394463,1999,283595
394463,1999,281823
394463,1999,280744
394463,1999,279502
394463,1999,278598
394463,1999,277733
394463,1998,276274
394463,1998,273146
394463,1998,269004
394463,1998,264173
394463,1998,260402
394463,1998,257767
394463,1998,257006
394463,1998,257042
394463,1998,257087
394463,1998,257117
394463,1998,257253
394463,1998,257525
394463,1997,259125
394463,1997,263339
394463,1997,269283
394463,1997,276998
394463,1997,282417
394463,1997,286770
394463,1997,287487
394463,1997,287994
394463,1997,287730
394463,1997,287952
394463,1997,287698
394463,1997,287752
394463,1996,287220
394463,1996,285544
394463,1996,283237
394463,1996,280288
394463,1996,278805
394463,1996,277840
394463,1996,278698
394463,1996,279352
394463,1996,280487
394463,1996,281376
394463,1996,282085
394463,1996,282628
394458,2021,438150
394458,2020,432572
394458,2020,428103
394458,2020,423892
394458,2020,420198
394458,2020,419176
394458,2020,417307
394458,2020,408447
394458,2020,406375
394458,2020,403972
394458,2020,401345
394458,2020,398516
394458,2020,396479
394458,2019,395352
394458,2019,393699
394458,2019,391940
394458,2019,390021
394458,2019,388716
394458,2019,387532
394458,2019,386632
394458,2019,385568
394458,2019,384105
394458,2019,383034
394458,2019,381810
394458,2019,380796
394458,2018,378680
394458,2018,377461
394458,2018,376345
394458,2018,375769
394458,2018,374005
394458,2018,372037
394458,2018,369623
394458,2018,367748
394458,2018,366058
394458,2018,364512
394458,2018,362639
394458,2018,360364
394458,2017,358350
394458,2017,356215
394458,2017,354279
394458,2017,351775
394458,2017,349985
394458,2017,348225
394458,2017,347215
394458,2017,345974
394458,2017,344345
394458,2017,342581
394458,2017,340636
394458,2017,338946
394458,2016,336793
394458,2016,334504
394458,2016,332307
394458,2016,330648
394458,2016,329061
394458,2016,327696
394458,2016,325571
394458,2016,323082
394458,2016,321052
394458,2016,319508
394458,2016,318439
394458,2016,317514
394458,2015,316727
394458,2015,316092
394458,2015,314952
394458,2015,313443
394458,2015,311544
394458,2015,309323
394458,2015,307832
394458,2015,306768
394458,2015,305615
394458,2015,303886
394458,2015,302179
394458,2015,300694
394458,2014,299419
394458,2014,298363
394458,2014,297540
394458,2014,296985
394458,2014,296778
394458,2014,296993
394458,2014,297034
394458,2014,296856
394458,2014,296629
394458,2014,296065
394458,2014,295002
394458,2014,292975
394458,2013,291313
394458,2013,289328
394458,2013,287843
394458,2013,286280
394458,2013,284557
394458,2013,282381
394458,2013,279782
394458,2013,277489
394458,2013,275161
394458,2013,273833
394458,2013,272518
394458,2013,272562
394458,2012,272122
394458,2012,271998
394458,2012,271127
394458,2012,270295
394458,2012,269560
394458,2012,269180
394458,2012,269271
394458,2012,269406
394458,2012,269309
394458,2012,268709
394458,2012,268664
394458,2012,268302
394458,2011,268439
394458,2011,268605
394458,2011,269422
394458,2011,270374
394458,2011,271347
394458,2011,272311
394458,2011,273352
394458,2011,274604
394458,2011,276483
394458,2011,278340
394458,2011,280002
394458,2011,281513
394458,2010,283318
394458,2010,285143
394458,2010,287229
394458,2010,288867
394458,2010,290536
394458,2010,292126
394458,2010,293661
394458,2010,294451
394458,2010,295066
394458,2010,296298
394458,2010,297926
394458,2010,299108
394458,2009,299235
394458,2009,299552
394458,2009,299933
394458,2009,301344
394458,2009,302970
394458,2009,304661
394458,2009,306268
394458,2009,308583
394458,2009,310999
394458,2009,312588
394458,2009,314123
394458,2009,316402
394458,2008,320049
394458,2008,322920
394458,2008,325102
394458,2008,326346
394458,2008,327861
394458,2008,329672
394458,2008,331465
394458,2008,332864
394458,2008,333787
394458,2008,334887
394458,2008,335145
394458,2008,334992
394458,2007,334043
394458,2007,333708
394458,2007,333200
394458,2007,332776
394458,2007,331556
394458,2007,329952
394458,2007,328173
394458,2007,326352
394458,2007,324321
394458,2007,322450
394458,2007,320880
394458,2007,319496
394458,2006,317774
394458,2006,315925
394458,2006,314281
394458,2006,312611
394458,2006,310831
394458,2006,308902
394458,2006,306974
394458,2006,305096
394458,2006,303579
394458,2006,302123
394458,2006,300919
394458,2006,299485
394458,2005,298191
394458,2005,296730
394458,2005,295325
394458,2005,293921
394458,2005,292784
394458,2005,291729
394458,2005,290824
394458,2005,289985
394458,2005,289221
394458,2005,288320
394458,2005,287369
394458,2005,286519
394458,2004,285800
394458,2004,285127
394458,2004,284349
394458,2004,283675
394458,2004,283017
394458,2004,282368
394458,2004,281667
394458,2004,280928
394458,2004,280299
394458,2004,279760
394458,2004,279218
394458,2004,278665
394458,2003,277973
394458,2003,277301
394458,2003,276772
394458,2003,276285
394458,2003,275847
394458,2003,275448
394458,2003,274970
394458,2003,274607
394458,2003,274126
394458,2003,273731
394458,2003,273313
394458,2003,272843
394458,2002,272602
394458,2002,272357
394458,2002,272141
394458,2002,271879
394458,2002,271615
394458,2002,271393
394458,2002,271298
394458,2002,271175
394458,2002,271070
394458,2002,270784
394458,2002,270462
394458,2002,270194
394458,2001,269855
394458,2001,269563
394458,2001,269173
394458,2001,268621
394458,2001,268080
394458,2001,267519
394458,2001,267081
394458,2001,266492
394458,2001,265889
394458,2001,265319
394458,2001,264633
394458,2001,263927
394458,2000,263069
394458,2000,262271
394458,2000,261429
394458,2000,260577
394458,2000,259744
394458,2000,258870
394458,2000,257935
394458,2000,256990
394458,2000,255955
394458,2000,254940
394458,2000,253894
394458,2000,252790
394458,1999,251723
394458,1999,250648
394458,1999,249597
394458,1999,248981
394458,1999,248280
394458,1999,247736
394458,1999,246906
394458,1999,246177
394458,1999,245409
394458,1999,244551
394458,1999,243567
394458,1999,242640
394458,1998,241753
394458,1998,240954
394458,1998,240092
394458,1998,239053
394458,1998,238040
394458,1998,237012
394458,1998,236068
394458,1998,235175
394458,1998,234343
394458,1998,233613
394458,1998,233443
394458,1998,233090
394458,1997,232713
394458,1997,231841
394458,1997,231156
394458,1997,230199
394458,1997,229133
394458,1997,228035
394458,1997,227015
394458,1997,226077
394458,1997,224997
394458,1997,223968
394458,1997,222486
394458,1997,221179
394458,1996,219885
394458,1996,218921
394458,1996,217868
394458,1996,217033
394458,1996,216297
394458,1996,215586
394458,1996,214857
394458,1996,214066
394458,1996,213403
394458,1996,212726
394458,1996,212457
394458,1996,212177
394404,2021,850883
394404,2020,844568
394404,2020,836850
394404,2020,827990
394404,2020,817008
394404,2020,812345
394404,2020,812036
394404,2020,808496
394404,2020,807708
394404,2020,805177
394404,2020,802356
394404,2020,803267
394404,2020,801151
394404,2019,798958
394404,2019,797620
394404,2019,796267
394404,2019,794480
394404,2019,792322
394404,2019,790639
394404,2019,789111
394404,2019,786988
394404,2019,786947
394404,2019,787863
394404,2019,789441
394404,2019,789175
394404,2018,788709
394404,2018,787315
394404,2018,786733
394404,2018,785219
394404,2018,784547
394404,2018,782301
394404,2018,779693
394404,2018,777063
394404,2018,774027
394404,2018,770222
394404,2018,765563
394404,2018,761828
394404,2017,758749
394404,2017,755370
394404,2017,750850
394404,2017,748068
394404,2017,744484
394404,2017,741250
394404,2017,736472
394404,2017,732553
394404,2017,728573
394404,2017,724506
394404,2017,722443
394404,2017,721180
394404,2016,718944
394404,2016,715987
394404,2016,712082
394404,2016,709020
394404,2016,706031
394404,2016,704625
394404,2016,703558
394404,2016,700203
394404,2016,696376
394404,2016,693260
394404,2016,690340
394404,2016,687753
394404,2015,685500
394404,2015,683514
394404,2015,681232
394404,2015,677802
394404,2015,675079
394404,2015,671366
394404,2015,667623
394404,2015,666240
394404,2015,665605
394404,2015,665148
394404,2015,661836
394404,2015,656667
394404,2014,651628
394404,2014,648335
394404,2014,647436
394404,2014,647283
394404,2014,646315
394404,2014,644021
394404,2014,641588
394404,2014,638081
394404,2014,634748
394404,2014,631830
394404,2014,630082
394404,2014,628966
394404,2013,626725
394404,2013,624281
394404,2013,620040
394404,2013,614522
394404,2013,608681
394404,2013,604748
394404,2013,601580
394404,2013,598373
394404,2013,594259
394404,2013,588638
394404,2013,584087
394404,2013,580030
394404,2012,577705
394404,2012,573674
394404,2012,570017
394404,2012,567405
394404,2012,565773
394404,2012,564214
394404,2012,562310
394404,2012,561502
394404,2012,560373
394404,2012,559988
394404,2012,559465
394404,2012,559915
394404,2011,561031
394404,2011,563045
394404,2011,565129
394404,2011,567044
394404,2011,568635
394404,2011,569686
394404,2011,571142
394404,2011,571789
394404,2011,573999
394404,2011,576570
394404,2011,579490
394404,2011,581456
394404,2010,582020
394404,2010,582375
394404,2010,583448
394404,2010,584578
394404,2010,586121
394404,2010,587038
394404,2010,587740
394404,2010,588190
394404,2010,587536
394404,2010,586200
394404,2010,584226
394404,2010,582274
394404,2009,580684
394404,2009,579283
394404,2009,578301
394404,2009,577820
394404,2009,577773
394404,2009,578425
394404,2009,579036
394404,2009,579895
394404,2009,582056
394404,2009,585074
394404,2009,588847
394404,2009,592161
394404,2008,595709
394404,2008,599769
394404,2008,603301
394404,2008,606694
394404,2008,609463
394404,2008,612032
394404,2008,614800
394404,2008,618088
394404,2008,621144
394404,2008,624457
394404,2008,627680
394404,2008,631489
394404,2007,634943
394404,2007,637776
394404,2007,640153
394404,2007,642343
394404,2007,644013
394404,2007,646008
394404,2007,648100
394404,2007,650793
394404,2007,653180
394404,2007,655351
394404,2007,656947
394404,2007,658603
394404,2006,660891
394404,2006,663799
394404,2006,668240
394404,2006,672156
394404,2006,677080
394404,2006,680520
394404,2006,684564
394404,2006,687034
394404,2006,689637
394404,2006,692228
394404,2006,694471
394404,2006,696897
394404,2005,697733
394404,2005,698369
394404,2005,697212
394404,2005,696092
394404,2005,694009
394404,2005,693428
394404,2005,691203
394404,2005,689072
394404,2005,685587
394404,2005,681392
394404,2005,677441
394404,2005,672906
394404,2004,669555
394404,2004,665689
394404,2004,661180
394404,2004,656547
394404,2004,651230
394404,2004,645887
394404,2004,640728
394404,2004,636579
394404,2004,632961
394404,2004,629197
394404,2004,625072
394404,2004,620760
394404,2003,616120
394404,2003,612298
394404,2003,609236
394404,2003,606482
394404,2003,604103
394404,2003,601337
394404,2003,598675
394404,2003,594090
394404,2003,588937
394404,2003,583675
394404,2003,578621
394404,2003,573686
394404,2002,568880
394404,2002,563164
394404,2002,557162
394404,2002,550817
394404,2002,545344
394404,2002,540241
394404,2002,535329
394404,2002,531098
394404,2002,527256
394404,2002,523538
394404,2002,519796
394404,2002,516271
394404,2001,512409
394404,2001,508133
394404,2001,503349
394404,2001,498462
394404,2001,493523
394404,2001,488026
394404,2001,482521
394404,2001,476889
394404,2001,471177
394404,2001,465466
394404,2001,460017
394404,2001,454674
394404,2000,448620
394404,2000,442291
394404,2000,436369
394404,2000,430415
394404,2000,424543
394404,2000,418688
394404,2000,413572
394404,2000,408990
394404,2000,404694
394404,2000,400711
394404,2000,396731
394404,2000,391973
394404,1999,388312
394404,1999,384506
394404,1999,381602
394404,1999,378815
394404,1999,375463
394404,1999,372156
394404,1999,367849
394404,1999,364062
394404,1999,360258
394404,1999,356217
394404,1999,351854
394404,1999,348224
394404,1998,344579
394404,1998,342383
394404,1998,339011
394404,1998,336262
394404,1998,333257
394404,1998,331005
394404,1998,328946
394404,1998,326786
394404,1998,324631
394404,1998,322162
394404,1998,319023
394404,1998,315695
394404,1997,312670
394404,1997,310418
394404,1997,308743
394404,1997,306878
394404,1997,305371
394404,1997,304032
394404,1997,302744
394404,1997,301068
394404,1997,299488
394404,1997,298162
394404,1997,297637
394404,1997,297014
394404,1996,296581
394404,1996,295218
394404,1996,293966
394404,1996,292785
394404,1996,291740
394404,1996,290468
394404,1996,289404
394404,1996,288743
394404,1996,288149
394404,1996,287668
394404,1996,287338
394404,1996,287391
394692,2021,388347
394692,2020,384556
394692,2020,381111
394692,2020,377597
394692,2020,375443
394692,2020,377097
394692,2020,375151
394692,2020,374422
394692,2020,374024
394692,2020,373097
394692,2020,371832
394692,2020,370569
394692,2020,370099
394692,2019,370008
394692,2019,369406
394692,2019,368828
394692,2019,368240
394692,2019,367846
394692,2019,367313
394692,2019,366359
394692,2019,365607
394692,2019,365402
394692,2019,365692
394692,2019,365091
394692,2019,363910
394692,2018,362424
394692,2018,361757
394692,2018,361042
394692,2018,360003
394692,2018,358723
394692,2018,357568
394692,2018,356856
394692,2018,355829
394692,2018,354482
394692,2018,353290
394692,2018,352793
394692,2018,352419
394692,2017,351693
394692,2017,350950
394692,2017,350192
394692,2017,349700
394692,2017,349222
394692,2017,348832
394692,2017,348337
394692,2017,347989
394692,2017,347652
394692,2017,346803
394692,2017,346071
394692,2017,345514
394692,2016,345136
394692,2016,344230
394692,2016,343478
394692,2016,343459
394692,2016,343339
394692,2016,343234
394692,2016,342691
394692,2016,342233
394692,2016,341864
394692,2016,341963
394692,2016,341683
394692,2016,340953
394692,2015,340131
394692,2015,339579
394692,2015,338943
394692,2015,337966
394692,2015,337432
394692,2015,336800
394692,2015,335860
394692,2015,334227
394692,2015,332029
394692,2015,329736
394692,2015,327618
394692,2015,325718
394692,2014,323550
394692,2014,321098
394692,2014,318677
394692,2014,315919
394692,2014,312702
394692,2014,309431
394692,2014,306661
394692,2014,304422
394692,2014,303072
394692,2014,301667
394692,2014,299803
394692,2014,297308
394692,2013,294842
394692,2013,292386
394692,2013,289721
394692,2013,286964
394692,2013,284497
394692,2013,282132
394692,2013,279869
394692,2013,277478
394692,2013,274668
394692,2013,271711
394692,2013,269136
394692,2013,267443
394692,2012,265790
394692,2012,264504
394692,2012,263250
394692,2012,262674
394692,2012,261827
394692,2012,260935
394692,2012,259994
394692,2012,259359
394692,2012,258589
394692,2012,258083
394692,2012,257382
394692,2012,256737
394692,2011,256692
394692,2011,256972
394692,2011,257653
394692,2011,257598
394692,2011,257473
394692,2011,257322
394692,2011,257418
394692,2011,257846
394692,2011,258928
394692,2011,260236
394692,2011,261832
394692,2011,262983
394692,2010,263743
394692,2010,264321
394692,2010,264715
394692,2010,265405
394692,2010,266684
394692,2010,268425
394692,2010,269950
394692,2010,270692
394692,2010,270588
394692,2010,270178
394692,2010,269717
394692,2010,269624
394692,2009,269210
394692,2009,268695
394692,2009,268389
394692,2009,268785
394692,2009,268824
394692,2009,268449
394692,2009,267808
394692,2009,267456
394692,2009,267522
394692,2009,267631
394692,2009,267519
394692,2009,267492
394692,2008,268490
394692,2008,269819
394692,2008,270933
394692,2008,271542
394692,2008,272206
394692,2008,272847
394692,2008,273349
394692,2008,274079
394692,2008,274747
394692,2008,275116
394692,2008,275900
394692,2008,276480
394692,2007,276754
394692,2007,276279
394692,2007,275841
394692,2007,275264
394692,2007,274710
394692,2007,274084
394692,2007,273870
394692,2007,273223
394692,2007,272830
394692,2007,272704
394692,2007,272751
394692,2007,272445
394692,2006,271641
394692,2006,270680
394692,2006,269742
394692,2006,268594
394692,2006,267510
394692,2006,266604
394692,2006,265730
394692,2006,264998
394692,2006,264082
394692,2006,263583
394692,2006,262988
394692,2006,262756
394692,2005,262271
394692,2005,262192
394692,2005,261873
394692,2005,261937
394692,2005,261913
394692,2005,261652
394692,2005,261421
394692,2005,260855
394692,2005,260810
394692,2005,260324
394692,2005,259816
394692,2005,258710
394692,2004,257571
394692,2004,256246
394692,2004,255032
394692,2004,253729
394692,2004,252223
394692,2004,251145
394692,2004,249573
394692,2004,248740
394692,2004,246888
394692,2004,245071
394692,2004,242800
394692,2004,241243
394692,2003,240429
394692,2003,239859
394692,2003,239441
394692,2003,238996
394692,2003,238749
394692,2003,238345
394692,2003,238248
394692,2003,237976
394692,2003,237980
394692,2003,237964
394692,2003,237831
394692,2003,237527
394692,2002,236910
394692,2002,236459
394692,2002,236016
394692,2002,235406
394692,2002,234752
394692,2002,233745
394692,2002,233012
394692,2002,232126
394692,2002,231248
394692,2002,230324
394692,2002,229632
394692,2002,229375
394692,2001,229323
394692,2001,229165
394692,2001,228879
394692,2001,228568
394692,2001,228446
394692,2001,228805
394692,2001,228771
394692,2001,228783
394692,2001,229008
394692,2001,229515
394692,2001,230255
394692,2001,230444
394692,2000,230218
394692,2000,229707
394692,2000,229091
394692,2000,228889
394692,2000,228521
394692,2000,228173
394692,2000,228039
394692,2000,227731
394692,2000,227569
394692,2000,227250
394692,2000,227085
394692,2000,226534
394692,1999,225583
394692,1999,224510
394692,1999,223640
394692,1999,222738
394692,1999,221732
394692,1999,220411
394692,1999,219171
394692,1999,218047
394692,1999,216816
394692,1999,215394
394692,1999,213967
394692,1999,213031
394692,1998,212885
394692,1998,212987
394692,1998,212969
394692,1998,212602
394692,1998,212221
394692,1998,211870
394692,1998,211388
394692,1998,210979
394692,1998,210559
394692,1998,210177
394692,1998,209182
394692,1998,208283
394692,1997,207316
394692,1997,206915
394692,1997,206528
394692,1997,206348
394692,1997,206070
394692,1997,205606
394692,1997,205116
394692,1997,204762
394692,1997,204582
394692,1997,204525
394692,1997,204752
394692,1997,204931
394692,1996,204920
394692,1996,204454
394692,1996,204041
394692,1996,203670
394692,1996,203445
394692,1996,203444
394692,1996,203535
394692,1996,203496
394692,1996,203364
394692,1996,203177
394692,1996,203184
394692,1996,203086
